{
  "intents": [
    {
      "intent": "QueryIntent",  "slots":[]
    },
    {
      "intent": "SimpleQueryIntent",
      "slots":[
        {
          "name":"metric",
          "type":"SENSOR_METRIC"
      }
      ]
    },
    {
      "intent": "HistoryQueryIntent",
      "slots":[
        {
          "name":"metric",
          "type":"SENSOR_METRIC"
      }
      ]
    },
    {
      "intent": "AMAZON.HelpIntent"
    },
    {
      "intent": "AMAZON.StopIntent"
    },
    {
      "intent": "AMAZON.CancelIntent"
    }
  ]
}
